date,region,product,revenue,orders,sessions,units_sold,product_cost,marketing_spend
2026-07-01,North,Product A,5913990.02,117,1161,135,3842536.97,382687.6
2026-07-01,North,Product B,4749079.93,105,909,127,2965047.31,338903.54
2026-07-01,North,Product C,3674791.81,100,713,127,2202904.92,306242.63
2026-07-01,North,Product D,2012119.42,82,629,95,1193171.02,168585.92
2026-07-01,South,Product A,4978694.17,104,730,116,2957221.11,348485.74
2026-07-01,South,Product B,3158798.83,85,739,92,2043238.37,263932.84
2026-07-01,South,Product C,2487772.41,80,616,92,1544540.63,255419.98
2026-07-01,South,Product D,2110027.55,80,565,97,1395576.52,144217.53
2026-07-01,East,Product A,5758550.61,113,1004,138,3559372.36,432326.67
2026-07-01,East,Product B,3726630.51,88,734,98,2451657.38,357177.07
2026-07-01,East,Product C,2879793.35,90,824,107,1916967.36,282006.58
2026-07-01,East,Product D,1956588.08,84,614,89,1199361.34,131534.0
2026-07-01,West,Product A,5716136.86,123,891,129,3591050.62,566679.3
2026-07-01,West,Product B,4222448.66,104,985,117,2634348.33,257909.71
2026-07-01,West,Product C,3294902.74,93,715,114,1946543.18,348602.66
2026-07-01,West,Product D,2273490.45,83,814,106,1435722.21,165506.14
2026-07-02,North,Product A,7213207.25,129,1201,164,4557923.5,546735.52
2026-07-02,North,Product B,3368290.8,89,670,98,2233551.58,227912.76
2026-07-02,North,Product C,2583948.94,91,822,98,1558032.33,172068.03
2026-07-02,North,Product D,2353615.45,85,831,104,1395942.91,155780.37
2026-07-02,South,Product A,5148687.94,102,746,130,3272093.15,472128.28
2026-07-02,South,Product B,3797478.17,88,834,102,2209310.82,248572.29
2026-07-02,South,Product C,2718833.47,77,593,93,1700330.42,196821.73
2026-07-02,South,Product D,2171427.64,81,607,101,1290668.78,230276.7
2026-07-02,East,Product A,5010205.05,111,882,118,3246970.87,399220.77
2026-07-02,East,Product B,4668611.23,110,942,131,2730789.35,367329.63
2026-07-02,East,Product C,3494140.18,93,830,118,2306840.39,345828.6
2026-07-02,East,Product D,1677633.53,66,556,75,1017730.23,112382.02
2026-07-02,West,Product A,5818628.56,117,987,142,3926909.74,615712.15
2026-07-02,West,Product B,4210179.87,100,908,120,2751307.56,295218.78
2026-07-02,West,Product C,2599681.71,82,766,88,1716019.79,233150.12
2026-07-02,West,Product D,2418842.6,92,854,109,1515643.18,208338.76
2026-07-03,North,Product A,4579132.51,100,901,107,2847583.15,452033.97
2026-07-03,North,Product B,3654712.96,98,798,106,2461861.24,299303.46
2026-07-03,North,Product C,3361605.9,91,869,117,2269485.58,221610.27
2026-07-03,North,Product D,2575169.74,96,758,120,1611682.36,211461.88
2026-07-03,South,Product A,4962027.95,99,886,124,3373734.77,462878.99
2026-07-03,South,Product B,3777395.71,91,638,100,2438788.3,233473.79
2026-07-03,South,Product C,2855427.09,78,742,97,1876617.63,270997.28
2026-07-03,South,Product D,1626005.04,70,618,76,1058513.78,177251.2
2026-07-03,East,Product A,5050625.93,117,1094,125,3424338.11,418838.47
2026-07-03,East,Product B,3701113.41,83,707,101,2494770.44,249536.28
2026-07-03,East,Product C,3064275.16,94,773,108,1971747.42,246951.6
2026-07-03,East,Product D,2352276.63,96,858,106,1497405.65,223701.76
2026-07-03,West,Product A,5636603.58,118,1152,134,3684481.87,588011.3
2026-07-03,West,Product B,4634887.26,108,812,136,2818294.85,355525.99
2026-07-03,West,Product C,3202287.09,104,1027,113,1895649.1,250566.05
2026-07-03,West,Product D,2195082.02,88,659,106,1319037.44,189335.52
2026-07-04,North,Product A,5676525.47,126,1167,136,3515229.68,363311.62
2026-07-04,North,Product B,4001593.38,103,873,114,2517081.28,357431.36
2026-07-04,North,Product C,2916676.89,89,713,110,1798600.42,253681.97
2026-07-04,North,Product D,2315397.14,85,730,101,1421790.64,196671.8
2026-07-04,South,Product A,4792218.14,111,879,121,3223945.8,394928.45
2026-07-04,South,Product B,3410768.41,79,723,95,2237952.69,358698.21
2026-07-04,South,Product C,2538082.78,75,589,89,1718235.12,277232.0
2026-07-04,South,Product D,2256384.98,84,609,97,1401570.68,224925.72
2026-07-04,East,Product A,3963047.49,94,876,99,2566194.37,379116.65
2026-07-04,East,Product B,4537165.03,106,751,134,2865051.54,425878.14
2026-07-04,East,Product C,3360907.43,98,766,123,2147727.48,268358.39
2026-07-04,East,Product D,2446713.12,88,767,114,1518905.3,163540.91
2026-07-04,West,Product A,5710214.38,133,1184,141,3322013.6,472029.14
2026-07-04,West,Product B,4391808.06,99,850,126,2690132.96,463130.39
2026-07-04,West,Product C,3159831.2,100,937,108,1922203.34,278300.46
2026-07-04,West,Product D,2105592.42,87,858,95,1242698.36,195074.94
2026-07-05,North,Product A,4697612.26,107,849,118,2938411.83,403075.75
2026-07-05,North,Product B,3660890.21,92,674,103,2275832.53,219957.4
2026-07-05,North,Product C,3468426.89,96,741,119,2101987.59,264032.34
2026-07-05,North,Product D,2075383.22,79,585,92,1234947.24,129438.96
2026-07-05,South,Product A,3980789.9,85,596,94,2543802.52,407918.57
2026-07-05,South,Product B,4117374.45,90,727,115,2636529.62,449751.01
2026-07-05,South,Product C,2605079.53,87,613,98,1518718.32,201434.99
2026-07-05,South,Product D,2038232.83,81,609,97,1211468.25,192928.46
2026-07-05,East,Product A,5544302.79,117,1037,126,3703805.11,481301.04
2026-07-05,East,Product B,3095146.1,81,628,85,1866769.44,320949.39
2026-07-05,East,Product C,3466040.92,95,668,117,2155625.26,297140.75
2026-07-05,East,Product D,2044211.73,80,607,97,1382203.91,140891.34
2026-07-05,West,Product A,6172584.32,116,848,143,4063387.65,546253.29
2026-07-05,West,Product B,4682640.8,117,1130,123,2892534.97,449372.56
2026-07-05,West,Product C,3597973.99,101,826,129,2157612.24,283737.31
2026-07-05,West,Product D,2017563.43,83,631,89,1347941.4,149109.37
2026-07-06,North,Product A,5773774.06,105,814,135,3634883.25,378382.0
2026-07-06,North,Product B,3927281.24,90,779,115,2331938.52,295423.16
2026-07-06,North,Product C,2918249.54,92,725,100,1863077.0,282359.53
2026-07-06,North,Product D,2051072.84,83,791,89,1210214.13,150193.89
2026-07-06,South,Product A,5890196.26,113,873,143,3728995.13,426569.9
2026-07-06,South,Product B,4375114.83,103,759,121,2727692.94,291329.02
2026-07-06,South,Product C,2192941.62,75,597,83,1297991.91,232106.25
2026-07-06,South,Product D,1697839.7,60,585,75,1064334.84,114848.42
2026-07-06,East,Product A,5514562.17,109,971,136,3707872.11,451639.77
2026-07-06,East,Product B,3766860.56,95,755,103,2332789.39,399636.12
2026-07-06,East,Product C,2745382.15,90,640,102,1778484.38,280853.63
2026-07-06,East,Product D,2398744.84,93,851,106,1487975.05,211307.7
2026-07-06,West,Product A,5295056.89,114,1022,132,3119701.21,494423.27
2026-07-06,West,Product B,3599060.62,89,660,98,2134013.62,265458.17
2026-07-06,West,Product C,2836980.32,78,620,100,1717821.92,258942.28
2026-07-06,West,Product D,2360017.0,90,716,108,1589692.7,242371.9
2026-07-07,North,Product A,6078518.28,109,1013,139,4120143.95,591133.33
2026-07-07,North,Product B,4146334.26,103,973,114,2574866.27,294152.69
2026-07-07,North,Product C,3181394.55,102,1019,110,1882018.9,252930.82
2026-07-07,North,Product D,2167564.28,97,936,103,1428584.82,159384.49
2026-07-07,South,Product A,4937900.03,98,979,115,3186272.2,541204.21
2026-07-07,South,Product B,3849020.77,98,917,113,2491188.03,298941.45
2026-07-07,South,Product C,2756134.92,81,590,94,1638221.43,286509.7
2026-07-07,South,Product D,1911021.54,74,555,92,1233040.33,193311.99
2026-07-07,East,Product A,5961392.96,121,1030,138,3611085.14,581929.99
2026-07-07,East,Product B,3489567.26,95,899,102,2085467.07,239968.21
2026-07-07,East,Product C,3285378.15,88,674,111,2192286.5,228711.71
2026-07-07,East,Product D,2531520.17,100,845,122,1480802.38,228034.08
2026-07-07,West,Product A,5600692.39,119,1074,133,3424683.17,494007.71
2026-07-07,West,Product B,4878348.51,107,768,136,3061696.29,520895.89
2026-07-07,West,Product C,2607596.32,86,823,94,1558335.62,174016.9
2026-07-07,West,Product D,2417654.9,96,702,105,1627001.15,157127.15
2026-07-08,North,Product A,6586481.47,126,1004,148,3849255.1,527335.1
2026-07-08,North,Product B,3993593.31,90,787,105,2468333.14,318993.26
2026-07-08,North,Product C,2630847.27,84,821,95,1639417.47,241136.78
2026-07-08,North,Product D,2192217.73,82,667,99,1341794.11,169428.92
2026-07-08,South,Product A,5015621.27,100,879,123,3323746.83,533537.93
2026-07-08,South,Product B,3026578.63,85,601,89,1961349.71,266742.67
2026-07-08,South,Product C,2780901.35,84,656,95,1716667.25,245425.38
2026-07-08,South,Product D,1842250.1,69,560,87,1177984.95,191423.37
2026-07-08,East,Product A,4754642.94,100,938,115,2956255.97,313425.84
2026-07-08,East,Product B,4160812.28,97,788,113,2481255.34,388688.67
2026-07-08,East,Product C,2582773.52,86,706,94,1523012.51,277302.04
2026-07-08,East,Product D,2050895.91,82,818,94,1196882.12,177874.28
2026-07-08,West,Product A,6424029.03,115,1092,147,3801421.99,404657.41
2026-07-08,West,Product B,3992626.05,99,777,105,2439755.71,277360.44
2026-07-08,West,Product C,3715710.35,100,863,126,2202277.47,370788.61
2026-07-08,West,Product D,2141827.52,87,629,99,1326113.98,138121.45
2026-07-09,North,Product A,5727304.53,118,1157,129,3447095.2,491332.76
2026-07-09,North,Product B,4269341.0,95,722,113,2705574.84,389788.6
2026-07-09,North,Product C,2612367.88,85,791,94,1762223.34,206156.29
2026-07-09,North,Product D,2303755.06,93,703,102,1375082.15,246118.18
2026-07-09,South,Product A,3853774.27,79,693,92,2397728.2,244103.02
2026-07-09,South,Product B,3478264.17,88,822,102,2303380.81,321423.56
2026-07-09,South,Product C,3043399.94,85,802,103,1878055.42,247288.69
2026-07-09,South,Product D,1943129.16,80,625,87,1272219.09,203512.46
2026-07-09,East,Product A,6237093.88,114,920,144,4059198.97,428856.52
2026-07-09,East,Product B,3755631.51,90,831,110,2358958.38,372222.74
2026-07-09,East,Product C,2846644.13,89,706,103,1719636.97,277801.26
2026-07-09,East,Product D,2059033.59,72,691,89,1296765.32,189739.78
2026-07-09,West,Product A,5380113.76,128,1052,136,3377205.35,455780.25
2026-07-09,West,Product B,5186719.12,108,857,136,3461052.04,541985.96
2026-07-09,West,Product C,2635271.74,88,866,98,1579894.3,165751.39
2026-07-09,West,Product D,2470744.8,96,906,107,1467636.1,231966.94
2026-07-10,North,Product A,4816288.57,100,950,111,3165192.28,380081.75
2026-07-10,North,Product B,4779384.83,109,1007,128,2814599.8,381212.02
2026-07-10,North,Product C,2806695.56,81,665,98,1903777.99,226197.69
2026-07-10,North,Product D,2222786.03,96,901,105,1392314.96,165534.18
2026-07-10,South,Product A,5520340.68,104,852,133,3325833.84,564916.07
2026-07-10,South,Product B,4275570.55,91,873,114,2577169.05,267337.74
2026-07-10,South,Product C,3058275.93,90,831,110,2041912.4,264152.1
2026-07-10,South,Product D,2020245.4,78,603,93,1330713.7,213454.46
2026-07-10,East,Product A,5028085.64,93,829,114,3411146.45,390192.19
2026-07-10,East,Product B,4259234.79,97,766,120,2887752.05,443712.14
2026-07-10,East,Product C,2670220.08,85,609,93,1699200.75,226381.94
2026-07-10,East,Product D,2093289.54,80,772,98,1395514.25,203684.19
2026-07-10,West,Product A,6587948.22,119,1022,153,4239713.84,640346.83
2026-07-10,West,Product B,3997355.14,97,941,110,2374839.6,434181.97
2026-07-10,West,Product C,2608830.89,83,786,88,1532442.31,173818.85
2026-07-10,West,Product D,2361000.62,88,660,108,1451086.05,196866.42
2026-07-11,North,Product A,5430741.76,102,808,124,3192051.34,533577.01
2026-07-11,North,Product B,4675384.83,108,799,128,2997078.48,426289.05
2026-07-11,North,Product C,2598447.0,90,694,96,1621681.06,252426.95
2026-07-11,North,Product D,2659384.61,95,875,121,1683033.45,239610.15
2026-07-11,South,Product A,6053881.28,113,823,145,3620756.43,428892.1
2026-07-11,South,Product B,3563112.26,87,694,94,2126239.14,325426.03
2026-07-11,South,Product C,2975859.53,83,652,102,2023235.89,211873.11
2026-07-11,South,Product D,2272081.9,82,704,99,1529777.63,159484.32
2026-07-11,East,Product A,5431243.56,107,929,133,3324382.75,474495.93
2026-07-11,East,Product B,3361557.96,90,691,97,2235611.14,276703.68
2026-07-11,East,Product C,2627283.9,89,628,99,1538257.64,234055.17
2026-07-11,East,Product D,2672368.39,93,903,116,1552917.73,184206.91
2026-07-11,West,Product A,5707930.96,106,856,136,3481993.09,478676.48
2026-07-11,West,Product B,3793602.36,86,785,104,2494918.9,381355.62
2026-07-11,West,Product C,2881923.81,90,879,104,1722429.89,291710.57
2026-07-11,West,Product D,2579787.87,90,778,111,1729980.52,279998.59
2026-07-12,North,Product A,5789931.09,124,1183,134,3401594.53,558664.88
2026-07-12,North,Product B,4000687.14,106,975,115,2505999.33,428587.29
2026-07-12,North,Product C,2936144.58,85,633,108,1906417.12,321113.3
2026-07-12,North,Product D,2113323.33,88,838,98,1404451.16,181753.4
2026-07-12,South,Product A,4266453.18,98,770,106,2767875.98,266092.82
2026-07-12,South,Product B,3864536.33,91,640,109,2493141.85,252869.55
2026-07-12,South,Product C,2560155.29,81,669,97,1616772.21,197750.4
2026-07-12,South,Product D,2002804.91,79,785,88,1288275.23,213214.87
2026-07-12,East,Product A,5220080.0,119,1004,125,3467518.85,397744.32
2026-07-12,East,Product B,3567019.01,94,931,100,2400641.43,303626.98
2026-07-12,East,Product C,2220155.19,69,545,79,1504494.17,153910.4
2026-07-12,East,Product D,1815893.11,76,638,84,1116567.37,174030.81
2026-07-12,West,Product A,4742924.72,107,988,113,2809679.22,341126.9
2026-07-12,West,Product B,4237853.44,93,799,120,2526971.21,364278.94
2026-07-12,West,Product C,2658469.17,91,713,98,1614729.23,163869.37
2026-07-12,West,Product D,2078931.01,93,910,98,1363082.18,227727.12
2026-07-13,North,Product A,6333706.27,120,951,152,4159266.1,635397.01
2026-07-13,North,Product B,3679553.55,94,899,99,2428219.42,331603.25
2026-07-13,North,Product C,2941324.55,93,900,106,1964631.77,216237.5
2026-07-13,North,Product D,2031254.93,87,824,94,1293054.28,163862.17
2026-07-13,South,Product A,4759729.63,100,779,118,3150097.28,424606.47
2026-07-13,South,Product B,3549698.67,83,746,104,2240656.05,258871.92
2026-07-13,South,Product C,2613888.48,77,769,94,1556908.12,170445.33
2026-07-13,South,Product D,2874491.32,97,810,124,1757670.22,223515.4
2026-07-13,East,Product A,5090201.39,113,822,119,3124882.7,472233.1
2026-07-13,East,Product B,4565921.34,110,854,130,2675917.9,358168.76
2026-07-13,East,Product C,2746777.88,81,801,95,1697197.79,245495.95
2026-07-13,East,Product D,2495472.93,88,649,114,1470528.66,219852.31
2026-07-13,West,Product A,5946732.36,110,953,136,3965907.79,367635.97
2026-07-13,West,Product B,3888957.32,92,854,112,2291989.26,406012.74
2026-07-13,West,Product C,2989166.33,101,708,113,1951471.82,185802.88
2026-07-13,West,Product D,2404248.48,97,940,109,1498123.52,216162.12
2026-07-14,North,Product A,5719684.52,121,858,132,3601278.52,606070.81
2026-07-14,North,Product B,3522858.39,89,723,97,2218695.61,313611.6
2026-07-14,North,Product C,3398695.71,108,991,128,2029129.79,215670.72
2026-07-14,North,Product D,1832917.02,84,726,88,1219555.2,131484.62
2026-07-14,South,Product A,5245788.07,105,944,132,3293121.5,547223.52
2026-07-14,South,Product B,3691766.01,93,692,105,2233833.3,288889.41
2026-07-14,South,Product C,2055218.41,72,717,78,1201737.65,201642.75
2026-07-14,South,Product D,1535339.69,66,499,69,1042686.74,111896.89
2026-07-14,East,Product A,5579492.98,110,878,137,3546257.33,417739.98
2026-07-14,East,Product B,4253231.42,114,1116,122,2691290.18,269521.81
2026-07-14,East,Product C,2119700.85,70,663,74,1363312.85,207449.76
2026-07-14,East,Product D,1899559.57,72,538,87,1245374.2,208730.01
2026-07-14,West,Product A,5855252.29,116,1035,138,3780931.95,562167.46
2026-07-14,West,Product B,3457286.85,83,763,101,2209992.81,245767.8
2026-07-14,West,Product C,2610172.62,76,564,93,1610015.13,163185.35
2026-07-14,West,Product D,2032184.07,79,743,89,1256569.07,200424.74
2026-07-15,North,Product A,5717151.7,119,845,141,3784440.41,485557.7
2026-07-15,North,Product B,4806624.55,104,858,133,3096580.1,399574.71
2026-07-15,North,Product C,2650198.41,83,672,98,1580368.09,233656.89
2026-07-15,North,Product D,2164767.16,81,571,97,1393939.61,204624.13
2026-07-15,South,Product A,5001891.12,102,875,120,3071019.62,362593.61
2026-07-15,South,Product B,4211410.26,98,889,115,2842702.67,312743.77
2026-07-15,South,Product C,3086125.94,89,634,110,1976337.97,246282.92
2026-07-15,South,Product D,2189814.75,79,756,99,1405842.67,207673.81
2026-07-15,East,Product A,4837992.51,106,986,120,3024272.74,387612.92
2026-07-15,East,Product B,4819252.76,99,828,127,2993335.8,449972.88
2026-07-15,East,Product C,2988511.17,90,838,102,1978173.06,252953.23
2026-07-15,East,Product D,2530253.42,86,749,109,1525321.84,269702.79
2026-07-15,West,Product A,6373376.23,124,1027,145,4098177.77,548421.26
2026-07-15,West,Product B,4508141.03,101,928,120,2745931.4,469211.2
2026-07-15,West,Product C,3396680.54,99,860,122,2284929.67,270787.78
2026-07-15,West,Product D,2600038.67,98,854,114,1740768.56,165117.33
2026-07-16,North,Product A,5274310.61,108,866,126,3490451.9,513097.59
2026-07-16,North,Product B,4482336.51,110,1083,122,2714110.63,383496.11
2026-07-16,North,Product C,2902356.9,100,859,105,1936084.91,274091.65
2026-07-16,North,Product D,2416716.21,99,767,108,1636598.85,174880.42
2026-07-16,South,Product A,5299804.03,106,872,126,3501817.63,412134.37
2026-07-16,South,Product B,3232018.81,88,687,92,2053961.62,247911.01
2026-07-16,South,Product C,2394805.37,71,663,89,1572144.7,186862.49
2026-07-16,South,Product D,1755034.96,67,643,84,1172728.0,175285.63
2026-07-16,East,Product A,5179872.5,116,1047,130,3493723.08,426113.27
2026-07-16,East,Product B,4350806.85,100,777,123,2805659.91,372874.63
2026-07-16,East,Product C,2605131.12,75,611,91,1651436.46,278092.25
2026-07-16,East,Product D,2074817.7,80,799,96,1344375.06,204410.56
2026-07-16,West,Product A,6303397.3,127,1221,156,3760451.1,392375.21
2026-07-16,West,Product B,4842074.91,111,795,128,2947762.73,454948.13
2026-07-16,West,Product C,2950168.45,89,843,109,1844213.81,245276.85
2026-07-16,West,Product D,2553304.49,94,717,117,1592812.2,184521.73
2026-07-17,North,Product A,5710005.19,114,1119,131,3495001.05,559019.85
2026-07-17,North,Product B,3955169.83,104,901,111,2342986.0,318478.48
2026-07-17,North,Product C,2424587.49,81,567,89,1503560.97,209610.36
2026-07-17,North,Product D,1853216.69,76,565,80,1094937.52,122947.84
2026-07-17,South,Product A,5199674.21,111,1087,122,3234240.81,411801.67
2026-07-17,South,Product B,4355153.42,94,808,120,2832764.63,293795.21
2026-07-17,South,Product C,3056828.9,84,757,103,1775248.19,208024.19
2026-07-17,South,Product D,1825621.94,72,648,86,1161667.99,190038.78
2026-07-17,East,Product A,4271523.53,89,734,98,2549520.7,316861.86
2026-07-17,East,Product B,4005295.48,98,732,106,2530497.05,307683.01
2026-07-17,East,Product C,2821863.03,87,656,103,1716670.65,250277.42
2026-07-17,East,Product D,2052450.63,75,663,91,1337403.7,212952.0
2026-07-17,West,Product A,6002927.52,126,1192,149,3848121.05,597550.95
2026-07-17,West,Product B,4248699.4,96,742,124,2816556.79,381128.73
2026-07-17,West,Product C,3467641.61,103,936,127,2319610.14,340188.3
2026-07-17,West,Product D,2368656.04,88,653,108,1509006.96,179325.61
2026-07-18,North,Product A,4836126.67,107,947,119,3281488.25,460906.71
2026-07-18,North,Product B,4301036.95,100,892,116,2914126.43,357196.99
2026-07-18,North,Product C,3106334.66,93,711,111,1993442.77,209935.99
2026-07-18,North,Product D,2611393.3,104,867,120,1562120.58,252211.89
2026-07-18,South,Product A,4851752.42,101,774,114,3109394.88,355948.74
2026-07-18,South,Product B,3620223.41,86,838,100,2432459.65,375566.17
2026-07-18,South,Product C,2420190.03,81,800,90,1634403.65,168859.03
2026-07-18,South,Product D,2362440.79,86,771,110,1430501.96,225750.45
2026-07-18,East,Product A,4691690.61,105,794,114,2876593.3,388044.81
2026-07-18,East,Product B,3974708.41,91,844,116,2322405.28,381844.05
2026-07-18,East,Product C,3077933.52,90,828,116,2039749.01,283092.08
2026-07-18,East,Product D,1714883.91,75,537,81,1051523.82,108915.14
2026-07-18,West,Product A,6530050.91,127,918,152,3850242.74,453368.4
2026-07-18,West,Product B,3720960.96,94,801,99,2293852.72,224069.5
2026-07-18,West,Product C,3682134.57,103,781,126,2188402.61,274009.46
2026-07-18,West,Product D,2129823.54,95,927,101,1433753.47,208883.27
2026-07-19,North,Product A,4635427.44,108,1012,116,2851577.01,440660.14
2026-07-19,North,Product B,3996158.86,96,712,107,2621450.8,378746.35
2026-07-19,North,Product C,2581658.22,86,636,92,1523160.74,176101.8
2026-07-19,North,Product D,2211595.58,81,650,103,1308122.22,194202.25
2026-07-19,South,Product A,4879169.4,105,832,123,3222204.04,317496.1
2026-07-19,South,Product B,3412879.7,87,857,98,2043898.19,335044.33
2026-07-19,South,Product C,2794445.47,80,585,100,1769822.52,212912.57
2026-07-19,South,Product D,2070200.57,79,636,95,1219383.74,169070.58
2026-07-19,East,Product A,5320700.81,109,867,127,3100095.21,569982.54
2026-07-19,East,Product B,4167617.99,86,677,110,2644792.91,378552.85
2026-07-19,East,Product C,2955874.21,89,849,103,1951275.71,266665.27
2026-07-19,East,Product D,1812256.06,81,694,85,1117561.69,140572.14
2026-07-19,West,Product A,5461962.49,121,1061,130,3534920.72,544974.19
2026-07-19,West,Product B,4563928.61,110,993,129,2902932.19,383509.01
2026-07-19,West,Product C,3294978.99,102,848,115,2124408.32,219948.22
2026-07-19,West,Product D,2101794.96,87,683,91,1314657.03,226391.51
2026-07-20,North,Product A,5878844.3,110,1000,141,3567584.69,393379.05
2026-07-20,North,Product B,3847116.19,86,737,105,2257806.09,391333.04
2026-07-20,North,Product C,2767771.14,91,651,97,1642389.09,236806.76
2026-07-20,North,Product D,2697948.79,99,738,125,1742606.22,216188.39
2026-07-20,South,Product A,5110878.44,97,842,115,3091009.03,326060.85
2026-07-20,South,Product B,3081021.65,83,750,87,2057804.77,236725.8
2026-07-20,South,Product C,2549840.59,82,795,86,1678377.48,272522.53
2026-07-20,South,Product D,2300131.06,82,650,101,1476618.5,172654.3
2026-07-20,East,Product A,5063010.61,101,877,116,3396799.65,539744.84
2026-07-20,East,Product B,4211178.43,107,1023,117,2690213.87,253192.46
2026-07-20,East,Product C,3075935.73,88,786,111,1959527.67,184654.93
2026-07-20,East,Product D,2525284.76,87,848,112,1714147.88,274152.66
2026-07-20,West,Product A,5804736.53,115,954,145,3587873.02,495133.7
2026-07-20,West,Product B,4111463.82,102,783,119,2674558.99,410185.01
2026-07-20,West,Product C,2880032.59,95,949,105,1806054.65,241934.27
2026-07-20,West,Product D,2233385.08,88,780,98,1406648.27,237391.21
2026-07-21,North,Product A,6747986.81,123,974,154,4239697.92,687350.46
2026-07-21,North,Product B,4403553.82,101,939,126,2882249.79,280442.98
2026-07-21,North,Product C,3096434.62,92,734,107,1886532.08,310244.6
2026-07-21,North,Product D,1997210.27,85,833,95,1258483.96,141806.75
2026-07-21,South,Product A,5066987.02,106,962,119,3389945.01,456676.59
2026-07-21,South,Product B,3782391.05,87,840,101,2446618.31,332973.88
2026-07-21,South,Product C,2490321.68,77,589,88,1459779.74,251787.37
2026-07-21,South,Product D,1768690.34,74,572,78,1087752.21,140551.99
2026-07-21,East,Product A,4954315.94,115,824,123,3080124.42,515116.79
2026-07-21,East,Product B,3749109.76,99,799,109,2316949.23,332887.51
2026-07-21,East,Product C,3107027.28,96,721,114,1818647.04,301048.76
2026-07-21,East,Product D,1930136.15,74,538,89,1126989.28,173738.63
2026-07-21,West,Product A,5711167.82,113,1022,130,3451865.69,506596.44
2026-07-21,West,Product B,4453940.19,95,907,120,3025226.28,435230.37
2026-07-21,West,Product C,3180563.79,93,874,109,1981923.67,321193.49
2026-07-21,West,Product D,2331941.26,88,683,105,1391537.26,253594.26
2026-07-22,North,Product A,5470997.78,117,1126,137,3565459.91,396694.13
2026-07-22,North,Product B,4062407.77,99,968,115,2462491.4,300241.74
2026-07-22,North,Product C,3337019.16,96,853,119,2047924.19,310684.76
2026-07-22,North,Product D,2694371.89,106,769,129,1766974.76,291239.1
2026-07-22,South,Product A,4123898.13,93,741,100,2679768.65,293118.12
2026-07-22,South,Product B,3747298.35,93,738,107,2179271.6,263553.08
2026-07-22,South,Product C,3048587.34,87,625,108,1810115.91,268896.35
2026-07-22,South,Product D,2680471.86,97,889,120,1698975.49,164994.33
2026-07-22,East,Product A,5694440.8,114,948,137,3570518.18,424323.89
2026-07-22,East,Product B,4084317.09,93,855,112,2760631.52,348870.96
2026-07-22,East,Product C,2948294.43,91,756,104,1774840.83,295462.13
2026-07-22,East,Product D,2476604.11,90,797,115,1576062.79,180468.6
2026-07-22,West,Product A,4817746.54,106,875,122,3253389.93,293877.7
2026-07-22,West,Product B,4201680.52,88,791,111,2544021.94,282029.0
2026-07-22,West,Product C,2750549.87,95,865,102,1634748.08,276470.33
2026-07-22,West,Product D,2588065.61,101,826,118,1725057.5,205281.99
2026-07-23,North,Product A,5400323.61,104,902,131,3630607.01,380008.17
2026-07-23,North,Product B,3501549.64,88,706,103,2204957.56,256234.59
2026-07-23,North,Product C,2772498.03,86,625,103,1852505.39,195427.93
2026-07-23,North,Product D,1868699.11,79,578,84,1268674.39,200597.02
2026-07-23,South,Product A,4156985.89,93,690,99,2476801.98,339228.84
2026-07-23,South,Product B,3616430.65,99,718,105,2275994.9,334848.12
2026-07-23,South,Product C,2994436.46,87,719,101,2035098.39,326336.93
2026-07-23,South,Product D,2242550.19,94,898,106,1461268.12,174595.49
2026-07-23,East,Product A,5182804.17,106,755,127,3095360.98,551908.59
2026-07-23,East,Product B,3190139.08,84,788,92,1950731.28,335342.62
2026-07-23,East,Product C,2818694.34,87,711,99,1788782.75,186600.36
2026-07-23,East,Product D,2057775.82,83,641,89,1292398.43,150196.88
2026-07-23,West,Product A,6039193.58,110,900,138,3679703.4,650246.09
2026-07-23,West,Product B,3891136.25,89,671,111,2527376.59,410532.32
2026-07-23,West,Product C,3135593.15,92,745,111,1867634.92,258795.15
2026-07-23,West,Product D,2191703.79,88,817,105,1310229.92,142564.98
2026-07-24,North,Product A,7222916.12,135,1171,164,4402396.37,671283.01
2026-07-24,North,Product B,4192299.61,101,858,119,2778547.46,413111.36
2026-07-24,North,Product C,3132215.11,84,839,108,2094524.47,248266.74
2026-07-24,North,Product D,2704243.22,103,727,124,1706465.61,231118.19
2026-07-24,South,Product A,4306672.2,99,702,104,2702185.32,313355.39
2026-07-24,South,Product B,4071128.79,96,692,112,2363829.55,429035.07
2026-07-24,South,Product C,2688467.35,82,705,99,1564528.34,215635.85
2026-07-24,South,Product D,2006554.26,76,736,90,1361618.26,186006.3
2026-07-24,East,Product A,4939056.99,115,832,123,2899034.32,418151.65
2026-07-24,East,Product B,4324502.68,99,932,125,2552478.14,303807.25
2026-07-24,East,Product C,2835036.83,91,759,105,1842567.21,220664.07
2026-07-24,East,Product D,1946698.48,76,566,92,1131828.92,149356.83
2026-07-24,West,Product A,5986409.56,117,842,151,3910513.35,590558.41
2026-07-24,West,Product B,4793052.19,114,1090,133,3124114.22,350693.81
2026-07-24,West,Product C,3091296.01,90,755,106,1814791.92,190189.04
2026-07-24,West,Product D,2203121.11,82,769,100,1370983.79,222019.83
2026-07-25,North,Product A,6017750.84,117,943,147,3911544.16,363276.01
2026-07-25,North,Product B,4374301.73,93,671,120,2573990.01,276735.22
2026-07-25,North,Product C,3181192.8,94,756,114,2072184.67,349503.46
2026-07-25,North,Product D,2347042.9,88,616,103,1421977.03,237020.65
2026-07-25,South,Product A,5878447.11,117,1012,138,3444132.39,411947.38
2026-07-25,South,Product B,3624680.21,95,670,101,2406878.65,230223.58
2026-07-25,South,Product C,2802705.61,76,721,97,1871415.68,240974.67
2026-07-25,South,Product D,1849744.83,67,517,86,1162778.88,179581.59
2026-07-25,East,Product A,5550219.33,116,853,138,3458877.85,411827.89
2026-07-25,East,Product B,4176246.6,97,744,123,2640222.01,317416.62
2026-07-25,East,Product C,3185458.88,99,887,118,2089755.25,273779.11
2026-07-25,East,Product D,2287753.68,81,680,101,1331340.59,168508.3
2026-07-25,West,Product A,6267211.17,137,1277,145,3729399.75,456572.61
2026-07-25,West,Product B,4074740.93,98,740,117,2604658.81,321754.98
2026-07-25,West,Product C,3164537.71,98,755,112,2014975.26,321000.82
2026-07-25,West,Product D,2057591.81,88,762,94,1271869.29,173800.58
2026-07-26,North,Product A,5069086.88,112,1061,126,3236137.17,315535.81
2026-07-26,North,Product B,4072017.1,102,991,111,2765671.39,292263.97
2026-07-26,North,Product C,2677544.98,83,739,92,1812734.5,222128.61
2026-07-26,North,Product D,2032165.61,82,819,92,1285328.92,208340.79
2026-07-26,South,Product A,4590701.39,94,787,116,2871493.71,417311.7
2026-07-26,South,Product B,4256018.62,99,726,118,2841925.4,281326.01
2026-07-26,South,Product C,3007529.66,91,789,104,2000176.23,290729.6
2026-07-26,South,Product D,1843893.1,70,629,84,1162235.11,118936.18
2026-07-26,East,Product A,4495191.85,97,890,110,3047745.76,326407.29
2026-07-26,East,Product B,4348342.52,95,865,117,2836905.29,266223.67
2026-07-26,East,Product C,2935379.44,90,711,111,1865070.26,260643.68
2026-07-26,East,Product D,1823639.87,78,731,83,1071448.73,171230.99
2026-07-26,West,Product A,6458165.57,122,1121,147,3897794.84,547890.68
2026-07-26,West,Product B,3945426.66,94,841,108,2652516.13,431351.54
2026-07-26,West,Product C,3062107.74,89,709,112,1982767.03,255229.49
2026-07-26,West,Product D,2773369.21,97,860,124,1858046.62,181554.62
2026-07-27,North,Product A,5718610.99,124,994,140,3687653.33,358280.23
2026-07-27,North,Product B,3782062.8,102,779,108,2569837.33,400595.38
2026-07-27,North,Product C,2606258.7,71,530,89,1539612.36,231213.89
2026-07-27,North,Product D,2438371.56,91,680,113,1627587.95,179671.46
2026-07-27,South,Product A,3349152.28,78,556,84,2235437.04,359048.4
2026-07-27,South,Product B,3733926.73,92,754,107,2437139.85,383572.64
2026-07-27,South,Product C,2719547.66,86,678,99,1678937.5,181378.75
2026-07-27,South,Product D,2328971.01,84,674,101,1482839.35,162305.13
2026-07-27,East,Product A,5258036.11,110,855,132,3226650.14,526928.0
2026-07-27,East,Product B,3446810.6,73,539,93,2234153.6,215345.51
2026-07-27,East,Product C,2697480.57,92,674,97,1731007.97,279038.89
2026-07-27,East,Product D,2142875.16,80,680,92,1256842.5,228442.65
2026-07-27,West,Product A,5556761.24,115,942,137,3617125.34,512357.52
2026-07-27,West,Product B,3630500.55,89,867,99,2217733.14,398928.22
2026-07-27,West,Product C,2795912.73,91,723,106,1698301.65,301313.03
2026-07-27,West,Product D,1934549.85,85,781,93,1211537.06,194884.17
2026-07-28,North,Product A,5527584.93,107,824,125,3442595.47,336054.03
2026-07-28,North,Product B,4558941.8,105,865,128,2827532.8,314321.89
2026-07-28,North,Product C,3375275.29,103,758,116,1982534.04,204331.36
2026-07-28,North,Product D,1999185.22,85,792,95,1290657.07,133605.99
2026-07-28,South,Product A,5502673.91,111,945,129,3204350.33,406843.0
2026-07-28,South,Product B,3217654.73,82,634,90,2070668.36,262789.04
2026-07-28,South,Product C,2478712.67,79,695,90,1474768.16,222692.17
2026-07-28,South,Product D,2191228.43,80,624,103,1332381.75,179911.5
2026-07-28,East,Product A,5075816.34,106,967,124,3035280.54,527474.49
2026-07-28,East,Product B,2912110.07,71,670,82,1963103.96,221899.81
2026-07-28,East,Product C,3210101.26,91,769,115,1971436.6,227293.15
2026-07-28,East,Product D,2108586.11,83,738,100,1299689.67,202883.95
2026-07-28,West,Product A,5947159.69,112,1016,140,3915067.75,551775.73
2026-07-28,West,Product B,3907646.28,89,665,112,2407462.89,374086.83
2026-07-28,West,Product C,2959564.55,100,721,112,1900405.41,270305.2
2026-07-28,West,Product D,2263111.3,79,626,98,1518697.96,161126.1
2026-07-29,North,Product A,4702245.16,111,895,119,3129318.35,447599.62
2026-07-29,North,Product B,4147534.79,103,734,113,2723628.66,283408.55
2026-07-29,North,Product C,3186786.91,100,787,118,2079770.02,222591.72
2026-07-29,North,Product D,2055456.98,73,606,92,1322688.2,185936.5
2026-07-29,South,Product A,5365021.83,107,810,126,3218031.96,562182.08
2026-07-29,South,Product B,3853676.36,91,680,101,2323632.87,391270.47
2026-07-29,South,Product C,2703892.5,86,616,96,1716872.72,243707.33
2026-07-29,South,Product D,2032634.27,78,614,94,1235078.61,173096.81
2026-07-29,East,Product A,5691671.47,127,1110,138,3709439.15,391149.35
2026-07-29,East,Product B,4071000.49,91,730,116,2528999.4,398726.86
2026-07-29,East,Product C,3244442.17,91,804,115,1977343.47,198365.23
2026-07-29,East,Product D,1939758.58,80,588,87,1271195.3,207170.83
2026-07-29,West,Product A,5081973.08,109,776,122,3229237.21,445320.07
2026-07-29,West,Product B,4308466.77,109,781,120,2875688.56,366227.48
2026-07-29,West,Product C,3072469.0,88,743,112,2038566.1,321979.93
2026-07-29,West,Product D,2110363.2,96,803,102,1292545.15,188827.98
2026-07-30,North,Product A,5992344.77,118,943,145,3922757.76,396738.17
2026-07-30,North,Product B,3995303.21,108,969,118,2518723.16,345257.0
2026-07-30,North,Product C,3108653.95,90,814,106,1980986.49,281087.09
2026-07-30,North,Product D,2609356.2,96,721,118,1580566.54,179022.43
2026-07-30,South,Product A,5052232.76,114,1109,121,3054125.37,546321.64
2026-07-30,South,Product B,3807606.81,98,827,105,2246017.72,248052.51
2026-07-30,South,Product C,2823765.26,80,710,102,1752153.89,270019.91
2026-07-30,South,Product D,1773695.66,74,631,83,1110468.51,164338.54
2026-07-30,East,Product A,5884543.29,109,901,136,3928413.2,530223.19
2026-07-30,East,Product B,3609816.38,93,906,106,2212052.49,373590.13
2026-07-30,East,Product C,2995545.06,86,790,106,1953000.72,206361.02
2026-07-30,East,Product D,2590934.47,94,751,117,1582317.7,234278.82
2026-07-30,West,Product A,4855431.75,108,954,119,2861091.77,425826.1
2026-07-30,West,Product B,3710490.66,93,829,104,2245185.59,286999.04
2026-07-30,West,Product C,3186495.83,105,780,112,2123425.04,197746.47
2026-07-30,West,Product D,2303795.11,88,820,108,1373252.26,179443.76
2026-07-31,North,Product A,5726085.19,107,981,135,3491836.78,363439.36
2026-07-31,North,Product B,4416378.56,97,800,117,2971475.13,396510.73
2026-07-31,North,Product C,3217479.12,86,815,109,2003798.04,319183.73
2026-07-31,North,Product D,2032647.23,81,620,90,1222921.79,206215.95
2026-07-31,South,Product A,4929553.34,108,881,118,3317679.08,434263.54
2026-07-31,South,Product B,4047952.76,98,798,119,2623808.79,283600.48
2026-07-31,South,Product C,2585833.48,76,575,95,1700108.61,197971.33
2026-07-31,South,Product D,2351014.16,94,920,107,1548247.21,141776.77
2026-07-31,East,Product A,6034304.08,122,887,141,3757520.03,582815.05
2026-07-31,East,Product B,4777055.85,103,976,129,3229543.16,351242.5
2026-07-31,East,Product C,3239540.01,101,902,110,2050758.26,223244.15
2026-07-31,East,Product D,2144872.32,89,761,94,1414789.69,143855.88
2026-07-31,West,Product A,5350800.33,122,1219,132,3344758.34,474374.17
2026-07-31,West,Product B,4307316.53,99,785,125,2675750.18,419077.17
2026-07-31,West,Product C,3167886.53,107,911,120,1918123.9,217191.08
2026-07-31,West,Product D,2342406.45,99,725,106,1468240.36,178855.88
2026-08-01,North,Product A,4206073.68,91,886,101,2722810.99,311607.08
2026-08-01,North,Product B,3863950.13,89,623,110,2475508.63,303202.28
2026-08-01,North,Product C,3579509.54,98,770,126,2316272.47,296167.32
2026-08-01,North,Product D,2334775.28,92,744,104,1389021.19,248587.89
2026-08-01,South,Product A,4215490.62,88,748,96,2507387.82,256881.58
2026-08-01,South,Product B,3905144.84,90,823,110,2391643.48,374300.05
2026-08-01,South,Product C,3054704.44,87,774,108,1774610.91,270316.89
2026-08-01,South,Product D,2493016.77,85,609,108,1582581.9,218956.12
2026-08-01,East,Product A,5287448.65,103,979,124,3186661.49,433690.38
2026-08-01,East,Product B,4108615.11,93,735,111,2698838.34,258632.34
2026-08-01,East,Product C,2612639.45,82,670,91,1527899.91,230265.38
2026-08-01,East,Product D,1702533.71,73,608,78,1018579.56,177351.34
2026-08-01,West,Product A,4627053.79,99,849,107,2877347.64,281185.29
2026-08-01,West,Product B,3717260.17,83,806,105,2360140.74,318920.55
2026-08-01,West,Product C,2743393.04,89,641,97,1706546.3,166687.2
2026-08-01,West,Product D,1844570.93,70,669,86,1092703.64,193742.82
2026-08-02,North,Product A,5240220.39,104,920,119,3479141.4,329511.21
2026-08-02,North,Product B,4557221.81,103,740,133,2688910.94,447379.52
2026-08-02,North,Product C,3415463.88,98,886,125,2075068.78,356301.26
2026-08-02,North,Product D,2325706.83,90,872,103,1497834.42,231146.5
2026-08-02,South,Product A,4306384.03,99,718,104,2824846.98,420493.81
2026-08-02,South,Product B,4316664.67,93,750,114,2706544.41,348202.14
2026-08-02,South,Product C,2138591.14,67,579,79,1248414.52,204002.91
2026-08-02,South,Product D,1719665.27,69,651,76,1148603.28,173227.58
2026-08-02,East,Product A,4799132.74,95,777,114,3218903.97,446221.05
2026-08-02,East,Product B,4195557.52,98,707,123,2750167.87,359509.03
2026-08-02,East,Product C,2603590.35,83,760,94,1691275.01,266284.8
2026-08-02,East,Product D,2267579.25,81,725,101,1382854.63,173794.84
2026-08-02,West,Product A,4527318.1,97,813,110,2748415.16,400080.59
2026-08-02,West,Product B,3300642.15,88,751,97,2185282.35,293989.35
2026-08-02,West,Product C,2359488.68,71,524,86,1563459.23,225985.22
2026-08-02,West,Product D,1712801.86,68,539,81,1115461.63,126834.06
2026-08-03,North,Product A,4853754.93,102,894,111,2856363.91,525777.24
2026-08-03,North,Product B,4118358.04,104,976,110,2399896.6,275594.49
2026-08-03,North,Product C,3120638.07,91,709,117,1975055.14,229767.68
2026-08-03,North,Product D,1993349.96,84,630,88,1216410.54,175563.65
2026-08-03,South,Product A,3869981.95,85,656,95,2348124.2,339138.39
2026-08-03,South,Product B,3218280.33,87,705,92,1884965.75,300495.5
2026-08-03,South,Product C,2843628.29,84,665,101,1670712.31,265602.84
2026-08-03,South,Product D,2529483.37,95,774,118,1624146.8,252849.23
2026-08-03,East,Product A,4471942.84,98,844,111,2891520.09,380309.39
2026-08-03,East,Product B,4082599.1,102,991,119,2648719.6,441610.53
2026-08-03,East,Product C,2939129.91,95,682,110,1871982.81,199336.03
2026-08-03,East,Product D,2112089.84,84,602,102,1357250.54,139448.81
2026-08-03,West,Product A,4258983.75,90,670,97,2827384.77,441036.05
2026-08-03,West,Product B,4032970.93,90,752,115,2427889.47,327853.63
2026-08-03,West,Product C,2638245.88,81,621,95,1673976.18,270296.95
2026-08-03,West,Product D,1940088.53,80,768,92,1203130.06,148651.05
2026-08-04,North,Product A,4565455.86,108,958,113,3018165.35,393420.58
2026-08-04,North,Product B,3394084.22,85,683,91,2135425.28,244630.05
2026-08-04,North,Product C,2892714.03,96,712,109,1833268.35,265890.58
2026-08-04,North,Product D,2081101.06,77,558,99,1283563.58,187332.55
2026-08-04,South,Product A,4295367.8,91,736,98,2491492.41,269736.4
2026-08-04,South,Product B,3578362.36,95,740,102,2304891.13,344438.08
2026-08-04,South,Product C,2228262.85,76,671,83,1313756.94,205019.26
2026-08-04,South,Product D,2162632.29,82,597,100,1315536.25,175445.39
2026-08-04,East,Product A,5082661.39,106,933,120,3401101.38,470751.05
2026-08-04,East,Product B,4833019.95,101,837,131,2976746.13,379755.12
2026-08-04,East,Product C,3073840.89,92,875,113,1974289.47,278328.46
2026-08-04,East,Product D,1839118.23,78,662,84,1248718.84,156869.43
2026-08-04,West,Product A,4636874.02,101,822,106,2704377.42,452091.3
2026-08-04,West,Product B,3265291.22,82,601,90,1941521.16,279141.45
2026-08-04,West,Product C,2301646.32,68,561,85,1415991.87,146740.24
2026-08-04,West,Product D,1715496.38,76,672,82,1155826.38,185575.65
2026-08-05,North,Product A,5729902.32,105,812,134,3386796.36,481940.02
2026-08-05,North,Product B,3774142.76,89,682,111,2199596.82,313502.14
2026-08-05,North,Product C,3102764.27,95,776,117,2038439.78,227808.24
2026-08-05,North,Product D,2077357.79,73,728,92,1397756.04,218932.95
2026-08-05,South,Product A,3569818.09,78,715,85,2256655.91,243074.15
2026-08-05,South,Product B,3622461.86,82,704,105,2351651.33,308965.4
2026-08-05,South,Product C,2917768.85,96,838,103,1746076.64,298566.47
2026-08-05,South,Product D,1962828.32,79,759,91,1168063.38,187823.95
2026-08-05,East,Product A,5414650.74,105,1024,129,3513463.22,534030.19
2026-08-05,East,Product B,3825181.88,88,710,106,2267969.05,395754.81
2026-08-05,East,Product C,3069276.55,83,654,107,1867439.53,215536.07
2026-08-05,East,Product D,2113758.27,81,598,100,1411442.6,155965.68
2026-08-05,West,Product A,4763581.41,92,797,110,3140723.72,322854.73
2026-08-05,West,Product B,3994206.8,99,918,109,2401251.01,243248.56
2026-08-05,West,Product C,2720936.3,75,675,95,1670991.96,235064.45
2026-08-05,West,Product D,1944283.69,78,686,89,1148894.72,205769.37
2026-08-06,North,Product A,4719969.11,85,634,108,3121222.07,336441.57
2026-08-06,North,Product B,4553616.73,111,1018,124,2981130.13,380691.23
2026-08-06,North,Product C,3123741.65,90,887,107,1889714.59,302375.03
2026-08-06,North,Product D,2299409.46,96,772,101,1431066.99,166340.76
2026-08-06,South,Product A,4322967.51,91,708,101,2516201.84,473604.16
2026-08-06,South,Product B,3200840.03,77,672,88,2149313.62,244382.39
2026-08-06,South,Product C,2606604.41,76,703,90,1550523.79,179773.65
2026-08-06,South,Product D,2186449.04,78,626,100,1277860.85,155192.5
2026-08-06,East,Product A,5404008.93,111,817,136,3376795.89,370617.07
2026-08-06,East,Product B,4049329.84,97,888,108,2362998.54,356241.69
2026-08-06,East,Product C,3006531.53,90,692,103,1787258.33,311993.53
2026-08-06,East,Product D,2354484.71,90,818,107,1510773.39,247025.74
2026-08-06,West,Product A,5318126.57,93,860,120,3520991.09,479099.09
2026-08-06,West,Product B,3857580.79,89,716,108,2547295.43,424240.94
2026-08-06,West,Product C,2766285.31,93,892,103,1806981.58,180583.77
2026-08-06,West,Product D,2437277.82,90,696,116,1514018.93,250021.99
2026-08-07,North,Product A,5638345.5,104,946,132,3598963.98,395132.3
2026-08-07,North,Product B,5478627.26,120,1134,147,3389097.2,335207.69
2026-08-07,North,Product C,3092385.8,89,801,113,1997884.96,338498.0
2026-08-07,North,Product D,2328226.67,94,897,108,1556077.64,155500.61
2026-08-07,South,Product A,4849354.96,104,941,118,3059950.83,396455.68
2026-08-07,South,Product B,3964587.84,89,874,106,2387748.76,307812.47
2026-08-07,South,Product C,2924565.4,84,619,105,1777971.98,225618.61
2026-08-07,South,Product D,2242427.09,88,775,102,1338010.77,194147.12
2026-08-07,East,Product A,5314715.48,98,818,123,3529277.44,485024.86
2026-08-07,East,Product B,3745912.05,91,785,101,2389122.32,375746.35
2026-08-07,East,Product C,2661210.94,78,560,97,1702794.39,207856.88
2026-08-07,East,Product D,1761575.79,70,681,85,1069449.75,174166.36
2026-08-07,West,Product A,4755414.43,106,842,112,3190821.02,446506.79
2026-08-07,West,Product B,4400637.88,95,821,122,2721870.23,350936.25
2026-08-07,West,Product C,2913737.49,86,797,104,1821967.66,279609.97
2026-08-07,West,Product D,1860354.72,77,692,84,1108418.28,149502.94
2026-08-08,North,Product A,5474937.83,109,873,126,3267407.99,406731.07
2026-08-08,North,Product B,4849339.9,106,924,128,3050180.38,299059.39
2026-08-08,North,Product C,3561247.95,109,816,131,2412303.1,285028.04
2026-08-08,North,Product D,2092835.43,79,605,97,1339669.61,133917.05
2026-08-08,South,Product A,3817397.01,83,662,95,2342708.62,273587.44
2026-08-08,South,Product B,3499378.08,86,747,97,2044833.61,323442.2
2026-08-08,South,Product C,2385791.36,83,596,87,1545485.17,156116.29
2026-08-08,South,Product D,1872086.18,76,605,84,1203413.12,170579.34
2026-08-08,East,Product A,5089355.81,96,872,115,3135070.22,439490.83
2026-08-08,East,Product B,3899511.14,87,804,107,2521659.73,378227.99
2026-08-08,East,Product C,2995014.78,87,653,108,1889471.03,229695.15
2026-08-08,East,Product D,2477171.06,93,903,110,1596278.62,236167.12
2026-08-08,West,Product A,4803380.38,97,886,116,3157692.08,461973.49
2026-08-08,West,Product B,4092426.28,101,815,113,2522877.54,431571.74
2026-08-08,West,Product C,2794406.29,83,642,99,1836934.45,218183.04
2026-08-08,West,Product D,2578433.36,86,683,111,1566246.3,253517.96
2026-08-09,North,Product A,4977769.14,102,970,113,3145269.47,497003.3
2026-08-09,North,Product B,3919292.23,88,630,104,2451306.33,394196.67
2026-08-09,North,Product C,3400662.09,104,736,115,2102133.44,208678.81
2026-08-09,North,Product D,2497150.0,101,776,112,1673013.77,149948.28
2026-08-09,South,Product A,5827800.28,104,754,132,3764861.44,407187.36
2026-08-09,South,Product B,4001502.79,89,656,115,2468584.16,325996.6
2026-08-09,South,Product C,2315266.85,81,763,85,1357169.83,182531.99
2026-08-09,South,Product D,1832536.25,74,568,83,1208861.36,152266.6
2026-08-09,East,Product A,4864176.53,104,812,114,3189318.86,473207.96
2026-08-09,East,Product B,3626785.14,91,639,101,2225190.77,260208.81
2026-08-09,East,Product C,2794682.57,82,809,99,1715230.85,188268.63
2026-08-09,East,Product D,2128690.3,82,575,100,1373400.12,170205.35
2026-08-09,West,Product A,5455017.03,106,783,133,3409680.37,508840.49
2026-08-09,West,Product B,4234737.87,93,852,114,2496327.66,434483.18
2026-08-09,West,Product C,3363408.33,92,880,119,2222781.67,326969.32
2026-08-09,West,Product D,2003941.96,72,619,92,1306155.87,139955.22
2026-08-10,North,Product A,3926080.78,94,749,98,2659158.33,416622.57
2026-08-10,North,Product B,3799837.28,98,765,110,2454254.13,328045.83
2026-08-10,North,Product C,3208461.75,92,645,112,1981000.83,247678.52
2026-08-10,North,Product D,2269878.05,86,757,103,1495185.66,210955.96
2026-08-10,South,Product A,4533606.55,102,915,112,2866954.04,302760.21
2026-08-10,South,Product B,4041875.08,104,841,114,2589164.1,400538.76
2026-08-10,South,Product C,3234530.15,93,705,116,2195339.41,336245.08
2026-08-10,South,Product D,1560674.26,64,584,75,975156.55,164498.31
2026-08-10,East,Product A,3986186.87,92,742,97,2562683.51,421123.32
2026-08-10,East,Product B,4086266.83,93,674,112,2672326.55,392007.51
2026-08-10,East,Product C,2910502.25,91,863,108,1795309.53,213498.62
2026-08-10,East,Product D,2297889.4,87,733,105,1484365.89,238870.7
2026-08-10,West,Product A,4375380.4,94,745,107,2713832.81,397724.07
2026-08-10,West,Product B,4143626.02,88,729,112,2548027.28,449178.68
2026-08-10,West,Product C,2934981.76,88,650,100,1890827.0,247749.42
2026-08-10,West,Product D,1974472.06,80,568,90,1197382.3,131310.59
2026-08-11,North,Product A,4781988.26,108,1005,117,3087204.81,401463.3
2026-08-11,North,Product B,4250523.36,95,899,121,2822492.61,368995.48
2026-08-11,North,Product C,3035254.16,97,713,110,2047277.97,191631.47
2026-08-11,North,Product D,1976294.55,89,862,93,1292164.41,203107.12
2026-08-11,South,Product A,4310834.5,92,806,109,2913865.51,382717.23
2026-08-11,South,Product B,4026557.91,98,717,107,2521221.61,261026.37
2026-08-11,South,Product C,2266712.8,74,661,80,1525257.54,230355.53
2026-08-11,South,Product D,1871031.58,74,676,81,1249859.58,188875.29
2026-08-11,East,Product A,5240174.1,112,964,126,3355377.29,564843.4
2026-08-11,East,Product B,4213119.06,87,656,111,2445076.03,297612.96
2026-08-11,East,Product C,2582609.05,81,670,92,1621915.28,190413.7
2026-08-11,East,Product D,1824381.85,79,777,88,1087464.57,111438.07
2026-08-11,West,Product A,4158768.85,94,783,99,2716672.27,288665.42
2026-08-11,West,Product B,3722520.68,95,913,101,2425719.85,318737.18
2026-08-11,West,Product C,2210403.73,76,707,82,1332920.17,218886.7
2026-08-11,West,Product D,2356119.9,83,647,107,1560374.49,156595.5
2026-08-12,North,Product A,4571867.72,98,945,115,2703057.3,275951.33
2026-08-12,North,Product B,4184631.57,88,647,111,2809576.94,312415.01
2026-08-12,North,Product C,3221001.59,88,710,113,2174151.25,205445.06
2026-08-12,North,Product D,1970767.5,78,675,86,1174672.9,196155.36
2026-08-12,South,Product A,6324726.97,114,1101,145,4181394.51,574347.97
2026-08-12,South,Product B,3960225.15,88,633,105,2687264.52,391786.62
2026-08-12,South,Product C,2671497.21,80,734,92,1627951.71,251766.15
2026-08-12,South,Product D,1808190.04,74,704,78,1211830.12,112915.47
2026-08-12,East,Product A,5090374.94,98,695,115,3243903.47,400342.5
2026-08-12,East,Product B,3870836.3,93,798,105,2562409.44,275302.67
2026-08-12,East,Product C,2940471.83,90,882,106,1997017.41,272592.01
2026-08-12,East,Product D,2304153.56,84,705,109,1551927.77,184513.27
2026-08-12,West,Product A,4008623.51,79,750,96,2666028.83,245288.65
2026-08-12,West,Product B,3418167.4,85,623,94,2091156.69,346987.04
2026-08-12,West,Product C,2773584.08,88,791,103,1737099.97,218146.6
2026-08-12,West,Product D,2361887.31,83,796,104,1473295.58,164873.95
2026-08-13,North,Product A,4869797.58,101,808,121,3143422.84,398875.85
2026-08-13,North,Product B,4405599.03,105,982,123,2914850.81,464978.23
2026-08-13,North,Product C,2759226.1,85,826,94,1834535.69,224116.31
2026-08-13,North,Product D,2142240.34,90,826,100,1378494.73,128948.29
2026-08-13,South,Product A,5580590.57,101,971,130,3475371.94,390776.02
2026-08-13,South,Product B,4272785.33,90,694,116,2839955.57,371860.42
2026-08-13,South,Product C,2428858.14,75,568,83,1500925.3,178659.12
2026-08-13,South,Product D,2016225.83,77,675,87,1175582.77,134375.72
2026-08-13,East,Product A,5096758.89,95,755,122,3286500.24,453111.87
2026-08-13,East,Product B,4784450.67,101,889,130,2818098.02,452890.63
2026-08-13,East,Product C,2575810.21,87,681,97,1648484.5,168338.29
2026-08-13,East,Product D,2019979.66,77,584,92,1224361.45,201196.63
2026-08-13,West,Product A,4713328.75,93,702,109,2952476.67,286875.11
2026-08-13,West,Product B,3533773.27,79,617,95,2392547.08,379599.15
2026-08-13,West,Product C,2496256.14,79,768,87,1612356.06,216611.89
2026-08-13,West,Product D,1816725.77,75,674,84,1166997.38,194858.87
2026-08-14,North,Product A,4702297.41,91,882,117,2920563.79,487481.0
2026-08-14,North,Product B,4432012.5,98,740,122,2945313.69,308860.63
2026-08-14,North,Product C,2358262.97,76,584,83,1439875.81,166814.32
2026-08-14,North,Product D,2262293.81,89,699,106,1523137.92,182553.45
2026-08-14,South,Product A,4459791.28,89,874,108,2701006.29,290958.1
2026-08-14,South,Product B,3832312.16,89,663,112,2239154.85,351996.03
2026-08-14,South,Product C,3420863.77,97,948,123,2120370.48,358537.94
2026-08-14,South,Product D,2083181.54,75,719,94,1404924.08,134775.22
2026-08-14,East,Product A,5456565.8,105,979,124,3316532.6,334481.36
2026-08-14,East,Product B,3752542.27,87,808,106,2177322.06,270359.91
2026-08-14,East,Product C,2958604.26,95,872,109,1860106.52,234767.6
2026-08-14,East,Product D,1975118.48,82,594,86,1230389.01,167103.76
2026-08-14,West,Product A,4653155.53,98,889,108,3153908.13,407061.22
2026-08-14,West,Product B,3990903.7,87,751,106,2572662.73,285956.08
2026-08-14,West,Product C,2968785.91,83,692,107,1880313.36,211835.9
2026-08-14,West,Product D,1879473.42,75,709,90,1198623.21,124601.64
2026-08-15,North,Product A,5380958.0,109,788,121,3144956.47,553961.11
2026-08-15,North,Product B,3259475.44,79,695,96,1975228.98,332449.41
2026-08-15,North,Product C,3280104.59,91,835,116,2011807.01,261939.22
2026-08-15,North,Product D,1959594.78,76,680,87,1255862.18,160698.51
2026-08-15,South,Product A,4466054.52,98,762,103,2734772.15,331067.75
2026-08-15,South,Product B,3353151.7,87,840,93,2119379.95,297447.49
2026-08-15,South,Product C,2451491.53,76,618,87,1478865.36,174343.36
2026-08-15,South,Product D,2446797.68,90,871,110,1551183.13,156045.79
2026-08-15,East,Product A,4520220.3,97,787,114,2802127.28,481087.87
2026-08-15,East,Product B,4510340.24,98,817,125,2897777.34,318613.38
2026-08-15,East,Product C,2710334.93,86,849,98,1662803.14,248998.44
2026-08-15,East,Product D,2175140.38,78,618,98,1351722.25,218815.57
2026-08-15,West,Product A,4647802.93,97,739,105,3000414.79,332517.92
2026-08-15,West,Product B,3000296.83,75,737,79,2038581.19,234705.25
2026-08-15,West,Product C,2474613.31,80,608,86,1641500.75,233580.66
2026-08-15,West,Product D,2430335.69,82,659,105,1456891.07,234674.71
2026-08-16,North,Product A,5665431.67,114,959,131,3810397.83,430980.76
2026-08-16,North,Product B,3806182.44,96,804,109,2490332.73,408999.07
2026-08-16,North,Product C,2954874.53,91,763,103,1829987.27,209674.08
2026-08-16,North,Product D,2216010.63,81,616,103,1292175.98,167120.97
2026-08-16,South,Product A,4457529.96,95,726,112,3003753.89,460670.97
2026-08-16,South,Product B,3302094.05,80,586,95,2141387.0,334839.46
2026-08-16,South,Product C,3111975.08,89,629,111,2000064.78,208638.14
2026-08-16,South,Product D,2268573.79,81,606,101,1341979.63,237694.49
2026-08-16,East,Product A,5368582.75,115,950,124,3293263.6,353534.4
2026-08-16,East,Product B,3638056.3,89,651,102,2290772.05,321304.65
2026-08-16,East,Product C,2685401.14,79,719,94,1674335.11,221238.09
2026-08-16,East,Product D,1880334.72,76,744,89,1201206.89,191258.14
2026-08-16,West,Product A,5080152.86,102,967,119,3096038.56,327367.61
2026-08-16,West,Product B,3404901.8,83,821,94,2243843.3,244130.09
2026-08-16,West,Product C,2856472.72,83,623,103,1884875.3,305290.16
2026-08-16,West,Product D,1929377.71,76,552,92,1271894.71,206626.96
2026-08-17,North,Product A,5155623.85,101,906,122,3464183.63,478318.18
2026-08-17,North,Product B,4737619.02,110,863,127,2945147.2,290311.76
2026-08-17,North,Product C,2822561.11,89,846,97,1792510.26,278537.36
2026-08-17,North,Product D,2187212.72,83,620,95,1400934.62,188838.25
2026-08-17,South,Product A,4591653.88,90,694,107,2791434.26,406203.83
2026-08-17,South,Product B,4088017.35,91,665,108,2437607.5,357800.78
2026-08-17,South,Product C,2492961.36,70,624,87,1632593.48,182573.92
2026-08-17,South,Product D,2496164.88,93,653,119,1511944.55,172564.12
2026-08-17,East,Product A,4880869.5,93,873,114,3127935.98,451394.75
2026-08-17,East,Product B,3157212.09,76,615,84,1909172.42,255024.2
2026-08-17,East,Product C,2849463.51,83,586,103,1923619.2,245705.65
2026-08-17,East,Product D,1925265.92,80,665,84,1186334.51,129008.07
2026-08-17,West,Product A,4424255.54,96,794,102,2858137.4,409119.27
2026-08-17,West,Product B,4230698.95,98,900,121,2522499.29,286527.24
2026-08-17,West,Product C,2732326.86,87,660,95,1840521.73,246052.91
2026-08-17,West,Product D,2248571.83,87,637,102,1305344.59,206543.02
2026-08-18,North,Product A,5408623.66,105,854,136,3309749.64,411439.81
2026-08-18,North,Product B,4168385.62,110,932,118,2504354.44,289033.69
2026-08-18,North,Product C,2652918.95,87,764,93,1659898.92,250543.54
2026-08-18,North,Product D,2432369.88,87,790,107,1574296.33,240341.96
2026-08-18,South,Product A,4688895.42,93,792,115,2734530.74,474800.73
2026-08-18,South,Product B,3913351.91,105,801,114,2377873.08,342322.13
2026-08-18,South,Product C,2528695.4,78,713,88,1499833.8,251223.37
2026-08-18,South,Product D,2044272.05,75,639,93,1334491.46,199388.33
2026-08-18,East,Product A,5380319.56,110,860,130,3379082.48,528128.83
2026-08-18,East,Product B,4318617.46,97,928,119,2678183.14,408987.42
2026-08-18,East,Product C,2983176.39,102,834,110,1810784.71,203763.14
2026-08-18,East,Product D,2141933.13,82,593,94,1453197.01,189032.86
2026-08-18,West,Product A,4437237.19,88,773,102,2958023.37,318889.93
2026-08-18,West,Product B,3917139.44,83,766,104,2606883.69,299817.5
2026-08-18,West,Product C,2398981.6,81,757,88,1422071.8,169427.55
2026-08-18,West,Product D,1997025.9,72,690,86,1347761.67,151098.85
2026-08-19,North,Product A,5489234.37,102,1006,125,3664527.96,527334.18
2026-08-19,North,Product B,3810545.92,98,890,104,2488742.99,261819.83
2026-08-19,North,Product C,3028887.93,86,702,107,1998254.67,329622.14
2026-08-19,North,Product D,2391030.8,87,710,112,1436264.21,169036.53
2026-08-19,South,Product A,4659499.02,95,669,109,2958527.45,483365.89
2026-08-19,South,Product B,4718854.52,101,753,129,2748579.59,401032.29
2026-08-19,South,Product C,3067078.47,92,709,113,1899624.33,202388.97
2026-08-19,South,Product D,1993632.99,76,717,86,1203939.55,160170.51
2026-08-19,East,Product A,4366699.51,93,893,107,2766455.8,309916.94
2026-08-19,East,Product B,4217925.42,90,794,111,2606676.7,327015.73
2026-08-19,East,Product C,2389871.1,82,602,86,1609245.75,159921.25
2026-08-19,East,Product D,2278458.86,93,742,108,1388749.38,193799.65
2026-08-19,West,Product A,4559362.71,93,806,112,2815513.0,434586.8
2026-08-19,West,Product B,3851519.05,90,638,113,2348702.16,246145.95
2026-08-19,West,Product C,2860880.1,81,804,101,1873470.44,211845.03
2026-08-19,West,Product D,2242960.85,77,687,98,1405010.78,243694.9
2026-08-20,North,Product A,5195637.28,114,951,123,3375089.87,320112.2
2026-08-20,North,Product B,4446548.64,97,943,119,2713861.97,487526.28
2026-08-20,North,Product C,2635250.93,90,869,96,1770259.76,210592.6
2026-08-20,North,Product D,2083730.15,92,728,99,1284585.52,188299.71
2026-08-20,South,Product A,4102693.69,78,763,93,2702319.49,417699.0
2026-08-20,South,Product B,3502957.48,81,711,101,2242989.29,272993.38
2026-08-20,South,Product C,2460555.0,75,531,92,1628522.6,232294.58
2026-08-20,South,Product D,1774791.68,78,645,83,1174906.82,153221.09
2026-08-20,East,Product A,5412539.06,112,958,128,3664351.62,409781.56
2026-08-20,East,Product B,4532945.87,104,876,119,2794464.46,384771.59
2026-08-20,East,Product C,2925021.17,83,795,99,1951623.18,226504.86
2026-08-20,East,Product D,2026314.16,76,690,93,1294269.1,124199.12
2026-08-20,West,Product A,4717485.15,100,771,110,2759655.0,452430.36
2026-08-20,West,Product B,4622576.85,101,830,129,2730807.29,330549.58
2026-08-20,West,Product C,2754084.05,86,646,103,1642131.75,206985.44
2026-08-20,West,Product D,2181431.75,85,697,105,1358382.24,141774.29
2026-08-21,North,Product A,5227361.6,103,800,125,3184794.27,449599.64
2026-08-21,North,Product B,4185183.53,91,867,117,2574841.77,257220.67
2026-08-21,North,Product C,2642002.54,92,914,99,1534042.31,256796.76
2026-08-21,North,Product D,2476329.29,98,913,119,1640758.77,272061.58
2026-08-21,South,Product A,4142799.84,94,880,101,2552236.54,390102.54
2026-08-21,South,Product B,4055497.87,98,786,111,2688233.67,292336.74
2026-08-21,South,Product C,2637618.68,83,756,95,1789577.58,173166.61
2026-08-21,South,Product D,2001597.77,76,673,96,1312418.69,212322.24
2026-08-21,East,Product A,6004689.13,105,888,135,3768784.46,413551.81
2026-08-21,East,Product B,3795779.07,91,664,111,2262249.1,302202.56
2026-08-21,East,Product C,2372843.73,76,743,90,1486680.96,242481.49
2026-08-21,East,Product D,2339650.25,93,867,101,1564504.81,179792.56
2026-08-21,West,Product A,4926106.0,99,871,117,2886426.19,308221.59
2026-08-21,West,Product B,3134672.37,82,623,92,1819434.66,319129.3
2026-08-21,West,Product C,2802351.6,81,733,100,1722610.94,269990.42
2026-08-21,West,Product D,1938965.25,73,664,88,1272549.28,141793.4
